scenario,selection_method,packets,delivered,lost,pdr,loss_ratio,average_delay,throughput_kbps,energy_consumed,network_lifetime_steps,seed
normal,static,1000,292,708,0.292,0.708,7.6506849315068495,1.196032,183.63999999999544,1000,40
normal,baseline,1000,299,701,0.299,0.701,14.933110367892976,1.224704,189.17399999999313,1000,40
normal,contextual_kg,1000,297,703,0.297,0.703,14.043771043771043,1.216512,188.92599999999294,1000,40
normal,kg_marl,1000,299,701,0.299,0.701,14.117056856187292,1.224704,189.1379999999931,1000,40
high_mobility,static,1000,216,784,0.216,0.784,9.0,0.884736,180.79999999999552,919,40
high_mobility,baseline,1000,222,778,0.222,0.778,16.945945945945947,0.909312,185.74999999999272,919,40
high_mobility,contextual_kg,1000,222,778,0.222,0.778,14.657657657657658,0.909312,185.51599999999257,919,40
high_mobility,kg_marl,1000,223,777,0.223,0.777,15.251121076233185,0.913408,185.7579999999927,919,40
high_congestion,static,1000,232,768,0.232,0.768,8.155172413793103,0.950272,229.4519999999987,874,40
high_congestion,baseline,1000,234,766,0.234,0.766,13.042735042735043,0.9584640000000001,233.65199999999885,874,40
high_congestion,contextual_kg,1000,232,768,0.232,0.768,12.663793103448276,0.950272,230.33399999999872,874,40
high_congestion,kg_marl,1000,233,767,0.233,0.767,12.974248927038627,0.9543680000000001,230.41799999999873,874,40
low_battery,static,1000,194,806,0.194,0.806,6.515463917525773,0.794624,235,563,40
low_battery,baseline,1000,195,805,0.195,0.805,8.805128205128206,0.79872,235,566,40
low_battery,contextual_kg,1000,192,808,0.192,0.808,8.958333333333334,0.786432,235,545,40
low_battery,kg_marl,1000,192,808,0.192,0.808,8.895833333333334,0.786432,235,540,40
relay_failure,static,1000,211,789,0.211,0.789,7.369668246445498,0.864256,225.88199999999847,699,40
relay_failure,baseline,1000,216,784,0.216,0.784,11.444444444444445,0.884736,228.98999999999867,756,40
relay_failure,contextual_kg,1000,212,788,0.212,0.788,10.584905660377359,0.868352,226.1339999999985,734,40
relay_failure,kg_marl,1000,213,787,0.213,0.787,10.183098591549296,0.872448,228.35999999999862,712,40
normal,static,1000,257,743,0.257,0.743,8.680933852140077,1.052672,183.63999999999544,1000,41
normal,baseline,1000,265,735,0.265,0.735,16.637735849056604,1.08544,189.17399999999313,1000,41
normal,contextual_kg,1000,263,737,0.263,0.737,15.752851711026617,1.077248,188.92599999999294,1000,41
normal,kg_marl,1000,263,737,0.263,0.737,15.737642585551331,1.077248,189.1379999999931,1000,41
high_mobility,static,1000,179,821,0.179,0.821,9.893854748603353,0.733184,180.79999999999552,919,41
high_mobility,baseline,1000,187,813,0.187,0.813,19.663101604278076,0.765952,185.74999999999272,919,41
high_mobility,contextual_kg,1000,186,814,0.186,0.814,16.774193548387096,0.761856,185.51599999999257,919,41
high_mobility,kg_marl,1000,188,812,0.188,0.812,17.180851063829788,0.770048,185.7579999999927,919,41
high_congestion,static,1000,195,805,0.195,0.805,9.215384615384615,0.79872,229.4519999999987,874,41
high_congestion,baseline,1000,197,803,0.197,0.803,14.624365482233502,0.8069120000000001,233.65199999999885,874,41
high_congestion,contextual_kg,1000,196,804,0.196,0.804,14.33673469387755,0.8028160000000001,230.33399999999872,874,41
high_congestion,kg_marl,1000,198,802,0.198,0.802,14.323232323232324,0.8110080000000001,230.41799999999873,874,41
low_battery,static,1000,169,831,0.169,0.831,7.260355029585799,0.6922240000000001,235,563,41
low_battery,baseline,1000,168,832,0.168,0.832,9.702380952380953,0.6881280000000001,235,566,41
low_battery,contextual_kg,1000,168,832,0.168,0.832,10.130952380952381,0.6881280000000001,235,545,41
low_battery,kg_marl,1000,166,834,0.166,0.834,10.132530120481928,0.679936,235,540,41
relay_failure,static,1000,182,818,0.182,0.818,8.23076923076923,0.745472,225.88199999999847,699,41
relay_failure,baseline,1000,185,815,0.185,0.815,12.632432432432433,0.75776,228.98999999999867,756,41
relay_failure,contextual_kg,1000,184,816,0.184,0.816,12.065217391304348,0.753664,226.1339999999985,734,41
relay_failure,kg_marl,1000,185,815,0.185,0.815,9.68108108108108,0.75776,228.35999999999862,712,41
normal,static,1000,275,725,0.275,0.725,8.083636363636364,1.1264,183.63999999999544,1000,42
normal,baseline,1000,285,715,0.285,0.715,15.898245614035087,1.16736,189.17399999999313,1000,42
normal,contextual_kg,1000,281,719,0.281,0.719,15.078291814946619,1.1509760000000002,188.92599999999294,1000,42
normal,kg_marl,1000,285,715,0.285,0.715,14.529824561403508,1.16736,189.1379999999931,1000,42
high_mobility,static,1000,197,803,0.197,0.803,8.390862944162437,0.8069120000000001,180.79999999999552,919,42
high_mobility,baseline,1000,202,798,0.202,0.798,18.584158415841586,0.827392,185.74999999999272,919,42
high_mobility,contextual_kg,1000,203,797,0.203,0.797,16.221674876847292,0.831488,185.51599999999257,919,42
high_mobility,kg_marl,1000,201,799,0.201,0.799,16.91044776119403,0.823296,185.7579999999927,919,42
high_congestion,static,1000,208,792,0.208,0.792,8.173076923076923,0.851968,229.4519999999987,874,42
high_congestion,baseline,1000,211,789,0.211,0.789,13.881516587677725,0.864256,233.65199999999885,874,42
high_congestion,contextual_kg,1000,209,791,0.209,0.791,12.83732057416268,0.8560639999999999,230.33399999999872,874,42
high_congestion,kg_marl,1000,210,790,0.21,0.79,13.790476190476191,0.8601599999999999,230.41799999999873,874,42
low_battery,static,1000,183,817,0.183,0.817,7.0,0.749568,235,563,42
low_battery,baseline,1000,182,818,0.182,0.818,8.846153846153847,0.745472,235,566,42
low_battery,contextual_kg,1000,178,822,0.178,0.822,8.101123595505618,0.729088,235,545,42
low_battery,kg_marl,1000,176,824,0.176,0.824,9.397727272727273,0.720896,235,540,42
relay_failure,static,1000,197,803,0.197,0.803,7.690355329949239,0.8069120000000001,225.88199999999847,699,42
relay_failure,baseline,1000,201,799,0.201,0.799,12.124378109452737,0.823296,228.98999999999867,756,42
relay_failure,contextual_kg,1000,199,801,0.199,0.801,11.482412060301508,0.815104,226.1339999999985,734,42
relay_failure,kg_marl,1000,200,800,0.2,0.8,10.85,0.8192,228.35999999999862,712,42
normal,static,1000,290,710,0.29,0.71,7.786206896551724,1.18784,183.63999999999544,1000,43
normal,baseline,1000,295,705,0.295,0.705,13.094915254237288,1.2083199999999998,189.17399999999313,1000,43
normal,contextual_kg,1000,294,706,0.294,0.706,14.333333333333334,1.204224,188.92599999999294,1000,43
normal,kg_marl,1000,294,706,0.294,0.706,14.081632653061224,1.204224,189.1379999999931,1000,43
high_mobility,static,1000,207,793,0.207,0.793,8.96135265700483,0.847872,180.79999999999552,919,43
high_mobility,baseline,1000,210,790,0.21,0.79,18.590476190476192,0.8601599999999999,185.74999999999272,919,43
high_mobility,contextual_kg,1000,209,791,0.209,0.791,15.669856459330143,0.8560639999999999,185.51599999999257,919,43
high_mobility,kg_marl,1000,211,789,0.211,0.789,16.80094786729858,0.864256,185.7579999999927,919,43
high_congestion,static,1000,213,787,0.213,0.787,8.511737089201878,0.872448,229.4519999999987,874,43
high_congestion,baseline,1000,214,786,0.214,0.786,13.953271028037383,0.876544,233.65199999999885,874,43
high_congestion,contextual_kg,1000,213,787,0.213,0.787,13.0,0.872448,230.33399999999872,874,43
high_congestion,kg_marl,1000,214,786,0.214,0.786,13.177570093457945,0.876544,230.41799999999873,874,43
low_battery,static,1000,174,826,0.174,0.826,7.160919540229885,0.712704,235,563,43
low_battery,baseline,1000,175,825,0.175,0.825,9.72,0.7168,235,566,43
low_battery,contextual_kg,1000,173,827,0.173,0.827,9.554913294797688,0.7086079999999999,235,545,43
low_battery,kg_marl,1000,173,827,0.173,0.827,9.508670520231213,0.7086079999999999,235,540,43
relay_failure,static,1000,193,807,0.193,0.807,8.005181347150259,0.790528,225.88199999999847,699,43
relay_failure,baseline,1000,199,801,0.199,0.801,12.447236180904522,0.815104,228.98999999999867,756,43
relay_failure,contextual_kg,1000,198,802,0.198,0.802,11.545454545454545,0.8110080000000001,226.1339999999985,734,43
relay_failure,kg_marl,1000,195,805,0.195,0.805,9.256410256410257,0.79872,228.35999999999862,712,43
normal,static,1000,300,700,0.3,0.7,7.486666666666666,1.2288,183.63999999999544,1000,44
normal,baseline,1000,306,694,0.306,0.694,14.65359477124183,1.253376,189.17399999999313,1000,44
normal,contextual_kg,1000,305,695,0.305,0.695,13.767213114754098,1.24928,188.92599999999294,1000,44
normal,kg_marl,1000,307,693,0.307,0.693,13.729641693811075,1.257472,189.1379999999931,1000,44
high_mobility,static,1000,217,783,0.217,0.783,8.944700460829493,0.888832,180.79999999999552,919,44
high_mobility,baseline,1000,227,773,0.227,0.773,16.85022026431718,0.9297920000000001,185.74999999999272,919,44
high_mobility,contextual_kg,1000,226,774,0.226,0.774,15.026548672566372,0.9256960000000001,185.51599999999257,919,44
high_mobility,kg_marl,1000,226,774,0.226,0.774,15.68141592920354,0.9256960000000001,185.7579999999927,919,44
high_congestion,static,1000,235,765,0.235,0.765,8.08936170212766,0.96256,229.4519999999987,874,44
high_congestion,baseline,1000,234,766,0.234,0.766,13.307692307692308,0.9584640000000001,233.65199999999885,874,44
high_congestion,contextual_kg,1000,236,764,0.236,0.764,12.533898305084746,0.966656,230.33399999999872,874,44
high_congestion,kg_marl,1000,237,763,0.237,0.763,12.68776371308017,0.970752,230.41799999999873,874,44
low_battery,static,1000,188,812,0.188,0.812,6.75531914893617,0.770048,235,563,44
low_battery,baseline,1000,188,812,0.188,0.812,9.117021276595745,0.770048,235,566,44
low_battery,contextual_kg,1000,186,814,0.186,0.814,9.086021505376344,0.761856,235,545,44
low_battery,kg_marl,1000,185,815,0.185,0.815,9.12972972972973,0.75776,235,540,44
relay_failure,static,1000,209,791,0.209,0.791,7.354066985645933,0.8560639999999999,225.88199999999847,699,44
relay_failure,baseline,1000,214,786,0.214,0.786,11.57943925233645,0.876544,228.98999999999867,756,44
relay_failure,contextual_kg,1000,214,786,0.214,0.786,10.663551401869158,0.876544,226.1339999999985,734,44
relay_failure,kg_marl,1000,210,790,0.21,0.79,11.361904761904762,0.8601599999999999,228.35999999999862,712,44
normal,static,1000,265,735,0.265,0.735,8.449056603773585,1.08544,183.63999999999544,1000,45
normal,baseline,1000,275,725,0.275,0.725,16.658181818181816,1.1264,189.17399999999313,1000,45
normal,contextual_kg,1000,275,725,0.275,0.725,15.34909090909091,1.1264,188.92599999999294,1000,45
normal,kg_marl,1000,274,726,0.274,0.726,15.18978102189781,1.1223040000000002,189.1379999999931,1000,45
high_mobility,static,1000,180,820,0.18,0.82,10.88888888888889,0.7372799999999999,180.79999999999552,919,45
high_mobility,baseline,1000,186,814,0.186,0.814,20.419354838709676,0.761856,185.74999999999272,919,45
high_mobility,contextual_kg,1000,186,814,0.186,0.814,17.086021505376344,0.761856,185.51599999999257,919,45
high_mobility,kg_marl,1000,188,812,0.188,0.812,18.03191489361702,0.770048,185.7579999999927,919,45
high_congestion,static,1000,198,802,0.198,0.802,8.93939393939394,0.8110080000000001,229.4519999999987,874,45
high_congestion,baseline,1000,197,803,0.197,0.803,15.17258883248731,0.8069120000000001,233.65199999999885,874,45
high_congestion,contextual_kg,1000,196,804,0.196,0.804,14.673469387755102,0.8028160000000001,230.33399999999872,874,45
high_congestion,kg_marl,1000,196,804,0.196,0.804,14.520408163265307,0.8028160000000001,230.41799999999873,874,45
low_battery,static,1000,158,842,0.158,0.842,7.962025316455696,0.647168,235,563,45
low_battery,baseline,1000,158,842,0.158,0.842,10.594936708860759,0.647168,235,566,45
low_battery,contextual_kg,1000,157,843,0.157,0.843,10.566878980891719,0.643072,235,545,45
low_battery,kg_marl,1000,155,845,0.155,0.845,10.67741935483871,0.63488,235,540,45
relay_failure,static,1000,177,823,0.177,0.823,8.649717514124294,0.724992,225.88199999999847,699,45
relay_failure,baseline,1000,183,817,0.183,0.817,13.153005464480874,0.749568,228.98999999999867,756,45
relay_failure,contextual_kg,1000,179,821,0.179,0.821,12.53072625698324,0.733184,226.1339999999985,734,45
relay_failure,kg_marl,1000,180,820,0.18,0.82,12.055555555555555,0.7372799999999999,228.35999999999862,712,45
normal,static,1000,282,718,0.282,0.718,7.801418439716312,1.1550719999999999,183.63999999999544,1000,46
normal,baseline,1000,283,717,0.283,0.717,15.819787985865725,1.159168,189.17399999999313,1000,46
normal,contextual_kg,1000,283,717,0.283,0.717,14.929328621908127,1.159168,188.92599999999294,1000,46
normal,kg_marl,1000,284,716,0.284,0.716,14.683098591549296,1.1632639999999999,189.1379999999931,1000,46
high_mobility,static,1000,208,792,0.208,0.792,9.134615384615385,0.851968,180.79999999999552,919,46
high_mobility,baseline,1000,205,795,0.205,0.795,18.09268292682927,0.83968,185.74999999999272,919,46
high_mobility,contextual_kg,1000,206,794,0.206,0.794,14.854368932038835,0.843776,185.51599999999257,919,46
high_mobility,kg_marl,1000,207,793,0.207,0.793,16.159420289855074,0.847872,185.7579999999927,919,46
high_congestion,static,1000,218,782,0.218,0.782,8.642201834862385,0.8929279999999999,229.4519999999987,874,46
high_congestion,baseline,1000,221,779,0.221,0.779,13.69683257918552,0.905216,233.65199999999885,874,46
high_congestion,contextual_kg,1000,219,781,0.219,0.781,13.155251141552512,0.897024,230.33399999999872,874,46
high_congestion,kg_marl,1000,220,780,0.22,0.78,13.318181818181818,0.90112,230.41799999999873,874,46
low_battery,static,1000,184,816,0.184,0.816,6.869565217391305,0.753664,235,563,46
low_battery,baseline,1000,184,816,0.184,0.816,9.41304347826087,0.753664,235,566,46
low_battery,contextual_kg,1000,183,817,0.183,0.817,9.327868852459016,0.749568,235,545,46
low_battery,kg_marl,1000,182,818,0.182,0.818,9.362637362637363,0.745472,235,540,46
relay_failure,static,1000,202,798,0.202,0.798,7.396039603960396,0.827392,225.88199999999847,699,46
relay_failure,baseline,1000,205,795,0.205,0.795,12.024390243902438,0.83968,228.98999999999867,756,46
relay_failure,contextual_kg,1000,204,796,0.204,0.796,10.715686274509803,0.835584,226.1339999999985,734,46
relay_failure,kg_marl,1000,202,798,0.202,0.798,11.752475247524753,0.827392,228.35999999999862,712,46
normal,static,1000,253,747,0.253,0.747,8.794466403162055,1.036288,183.63999999999544,1000,47
normal,baseline,1000,262,738,0.262,0.738,16.748091603053435,1.073152,189.17399999999313,1000,47
normal,contextual_kg,1000,260,740,0.26,0.74,15.576923076923077,1.0649600000000001,188.92599999999294,1000,47
normal,kg_marl,1000,261,739,0.261,0.739,15.842911877394636,1.069056,189.1379999999931,1000,47
high_mobility,static,1000,188,812,0.188,0.812,10.138297872340425,0.770048,180.79999999999552,919,47
high_mobility,baseline,1000,193,807,0.193,0.807,19.569948186528496,0.790528,185.74999999999272,919,47
high_mobility,contextual_kg,1000,194,806,0.194,0.806,16.20618556701031,0.794624,185.51599999999257,919,47
high_mobility,kg_marl,1000,193,807,0.193,0.807,17.487046632124354,0.790528,185.7579999999927,919,47
high_congestion,static,1000,200,800,0.2,0.8,9.23,0.8192,229.4519999999987,874,47
high_congestion,baseline,1000,199,801,0.199,0.801,15.381909547738694,0.815104,233.65199999999885,874,47
high_congestion,contextual_kg,1000,201,799,0.201,0.799,14.472636815920398,0.823296,230.33399999999872,874,47
high_congestion,kg_marl,1000,201,799,0.201,0.799,14.422885572139304,0.823296,230.41799999999873,874,47
low_battery,static,1000,169,831,0.169,0.831,7.071005917159764,0.6922240000000001,235,563,47
low_battery,baseline,1000,169,831,0.169,0.831,9.63905325443787,0.6922240000000001,235,566,47
low_battery,contextual_kg,1000,169,831,0.169,0.831,9.710059171597633,0.6922240000000001,235,545,47
low_battery,kg_marl,1000,169,831,0.169,0.831,9.875739644970414,0.6922240000000001,235,540,47
relay_failure,static,1000,178,822,0.178,0.822,8.606741573033707,0.729088,225.88199999999847,699,47
relay_failure,baseline,1000,188,812,0.188,0.812,12.925531914893616,0.770048,228.98999999999867,756,47
relay_failure,contextual_kg,1000,183,817,0.183,0.817,12.475409836065573,0.749568,226.1339999999985,734,47
relay_failure,kg_marl,1000,179,821,0.179,0.821,12.1731843575419,0.733184,228.35999999999862,712,47
normal,static,1000,261,739,0.261,0.739,8.241379310344827,1.069056,183.63999999999544,1000,48
normal,baseline,1000,267,733,0.267,0.733,16.56554307116105,1.0936320000000002,189.17399999999313,1000,48
normal,contextual_kg,1000,264,736,0.264,0.736,15.265151515151516,1.081344,188.92599999999294,1000,48
normal,kg_marl,1000,267,733,0.267,0.733,15.464419475655431,1.0936320000000002,189.1379999999931,1000,48
high_mobility,static,1000,187,813,0.187,0.813,9.759358288770054,0.765952,180.79999999999552,919,48
high_mobility,baseline,1000,192,808,0.192,0.808,17.947916666666668,0.786432,185.74999999999272,919,48
high_mobility,contextual_kg,1000,192,808,0.192,0.808,16.239583333333332,0.786432,185.51599999999257,919,48
high_mobility,kg_marl,1000,193,807,0.193,0.807,17.3419689119171,0.790528,185.7579999999927,919,48
high_congestion,static,1000,203,797,0.203,0.797,9.177339901477833,0.831488,229.4519999999987,874,48
high_congestion,baseline,1000,204,796,0.204,0.796,14.686274509803921,0.835584,233.65199999999885,874,48
high_congestion,contextual_kg,1000,205,795,0.205,0.795,14.209756097560975,0.83968,230.33399999999872,874,48
high_congestion,kg_marl,1000,203,797,0.203,0.797,14.47783251231527,0.831488,230.41799999999873,874,48
low_battery,static,1000,162,838,0.162,0.838,7.197530864197531,0.663552,235,563,48
low_battery,baseline,1000,161,839,0.161,0.839,9.98136645962733,0.659456,235,566,48
low_battery,contextual_kg,1000,159,841,0.159,0.841,10.433962264150944,0.6512640000000001,235,545,48
low_battery,kg_marl,1000,157,843,0.157,0.843,10.477707006369426,0.643072,235,540,48
relay_failure,static,1000,181,819,0.181,0.819,8.469613259668508,0.7413759999999999,225.88199999999847,699,48
relay_failure,baseline,1000,188,812,0.188,0.812,12.904255319148936,0.770048,228.98999999999867,756,48
relay_failure,contextual_kg,1000,184,816,0.184,0.816,11.684782608695652,0.753664,226.1339999999985,734,48
relay_failure,kg_marl,1000,185,815,0.185,0.815,12.697297297297297,0.75776,228.35999999999862,712,48
normal,static,1000,306,694,0.306,0.694,7.4640522875816995,1.253376,183.63999999999544,1000,49
normal,baseline,1000,315,685,0.315,0.685,14.58095238095238,1.29024,189.17399999999313,1000,49
normal,contextual_kg,1000,313,687,0.313,0.687,13.575079872204473,1.282048,188.92599999999294,1000,49
normal,kg_marl,1000,317,683,0.317,0.683,13.28391167192429,1.298432,189.1379999999931,1000,49
high_mobility,static,1000,214,786,0.214,0.786,8.504672897196262,0.876544,180.79999999999552,919,49
high_mobility,baseline,1000,219,781,0.219,0.781,16.634703196347033,0.897024,185.74999999999272,919,49
high_mobility,contextual_kg,1000,219,781,0.219,0.781,14.223744292237443,0.897024,185.51599999999257,919,49
high_mobility,kg_marl,1000,218,782,0.218,0.782,15.064220183486238,0.8929279999999999,185.7579999999927,919,49
high_congestion,static,1000,227,773,0.227,0.773,8.374449339207048,0.9297920000000001,229.4519999999987,874,49
high_congestion,baseline,1000,231,769,0.231,0.769,12.86147186147186,0.946176,233.65199999999885,874,49
high_congestion,contextual_kg,1000,229,771,0.229,0.771,12.406113537117903,0.937984,230.33399999999872,874,49
high_congestion,kg_marl,1000,229,771,0.229,0.771,12.930131004366812,0.937984,230.41799999999873,874,49
low_battery,static,1000,194,806,0.194,0.806,6.690721649484536,0.794624,235,563,49
low_battery,baseline,1000,195,805,0.195,0.805,8.682051282051281,0.79872,235,566,49
low_battery,contextual_kg,1000,193,807,0.193,0.807,8.658031088082902,0.790528,235,545,49
low_battery,kg_marl,1000,190,810,0.19,0.81,8.810526315789474,0.77824,235,540,49
relay_failure,static,1000,212,788,0.212,0.788,7.264150943396227,0.868352,225.88199999999847,699,49
relay_failure,baseline,1000,214,786,0.214,0.786,11.317757009345794,0.876544,228.98999999999867,756,49
relay_failure,contextual_kg,1000,214,786,0.214,0.786,10.495327102803738,0.876544,226.1339999999985,734,49
relay_failure,kg_marl,1000,214,786,0.214,0.786,10.878504672897197,0.876544,228.35999999999862,712,49
