protocol,scenario,seed,run,nodes,max_speed_mps,offered_rate,offered_packets,source_tx_packets,rx_packets,pdr_percent,loss_ratio_percent,average_delay_ms,average_jitter_ms,throughput_kbps,energy_consumed_j,network_lifetime_s
AODV,normal,42,1,20,5.000,64kbps,5061,5061,484,9.563,90.437,0.474,0.267,17.318,1965.829,120.000
AODV,normal,42,2,20,5.000,64kbps,5061,5061,1016,20.075,79.925,8.506,4.366,36.354,1965.973,120.000
AODV,normal,42,3,20,5.000,64kbps,5061,5061,32,0.632,99.368,375.488,139.996,1.145,1965.824,120.000
AODV,normal,42,4,20,5.000,64kbps,5061,5061,495,9.781,90.219,7.231,2.502,17.712,1965.834,120.000
AODV,normal,42,5,20,5.000,64kbps,5061,5061,457,9.030,90.970,6.173,5.243,16.352,1965.933,120.000
AODV,normal,42,6,20,5.000,64kbps,5061,5061,1607,31.753,68.247,216.870,15.952,57.501,1966.075,120.000
AODV,normal,42,7,20,5.000,64kbps,5061,5061,1065,21.043,78.957,223.108,14.388,38.108,1965.824,120.000
AODV,normal,42,8,20,5.000,64kbps,5061,5061,12,0.237,99.763,1.866,1.821,0.429,1965.836,120.000
AODV,normal,42,9,20,5.000,64kbps,5061,5061,0,0.000,100.000,0.000,0.000,0.000,1965.792,120.000
AODV,normal,42,10,20,5.000,64kbps,5061,5061,134,2.648,97.352,15.149,7.773,4.795,1965.862,120.000
OLSR,normal,42,1,20,5.000,64kbps,5061,748,369,7.291,92.709,2.271,2.668,13.203,1966.929,120.000
OLSR,normal,42,2,20,5.000,64kbps,5061,881,742,14.661,85.339,0.694,0.750,26.550,1966.731,120.000
OLSR,normal,42,3,20,5.000,64kbps,5061,130,13,0.257,99.743,12.603,15.702,0.465,1966.415,120.000
OLSR,normal,42,4,20,5.000,64kbps,5061,514,457,9.030,90.970,0.506,0.313,16.352,1966.009,120.000
OLSR,normal,42,5,20,5.000,64kbps,5061,438,357,7.054,92.946,0.853,0.445,12.774,1965.868,120.000
OLSR,normal,42,6,20,5.000,64kbps,5061,1687,993,19.621,80.379,12.290,9.584,35.531,1969.766,120.000
OLSR,normal,42,7,20,5.000,64kbps,5061,1064,922,18.218,81.782,0.642,0.478,32.991,1965.838,120.000
OLSR,normal,42,8,20,5.000,64kbps,5061,130,29,0.573,99.427,5.594,5.674,1.038,1966.187,120.000
OLSR,normal,42,9,20,5.000,64kbps,5061,0,0,0.000,100.000,0.000,0.000,0.000,1965.711,120.000
OLSR,normal,42,10,20,5.000,64kbps,5061,254,162,3.201,96.799,2.341,1.967,5.797,1966.234,120.000
DSR,normal,42,1,20,5.000,64kbps,5061,5061,474,9.366,90.634,315.617,126.539,16.961,1965.658,120.000
DSR,normal,42,2,20,5.000,64kbps,5061,5061,1065,21.043,78.957,134.548,55.982,38.108,1965.829,120.000
DSR,normal,42,3,20,5.000,64kbps,5061,5061,0,0.000,100.000,0.000,0.000,0.000,1965.605,120.000
DSR,normal,42,4,20,5.000,64kbps,5061,5061,542,10.709,89.291,283.071,111.539,19.394,1965.629,120.000
DSR,normal,42,5,20,5.000,64kbps,5061,5061,472,9.326,90.674,307.076,96.042,16.889,1965.664,120.000
DSR,normal,42,6,20,5.000,64kbps,5061,5061,1136,22.446,77.554,134.302,47.225,40.648,1965.840,120.000
DSR,normal,42,7,20,5.000,64kbps,5061,5061,810,16.005,83.995,186.092,67.367,28.983,1965.632,120.000
DSR,normal,42,8,20,5.000,64kbps,5061,5061,0,0.000,100.000,0.000,0.000,0.000,1965.606,120.000
DSR,normal,42,9,20,5.000,64kbps,5061,5061,0,0.000,100.000,0.000,0.000,0.000,1965.604,120.000
DSR,normal,42,10,20,5.000,64kbps,5061,5061,150,2.964,97.036,981.652,379.857,5.367,1965.643,120.000
AODV,high_mobility,42,1,20,20.000,64kbps,5061,5061,440,8.694,91.306,429.821,35.309,15.744,1966.010,120.000
AODV,high_mobility,42,2,20,20.000,64kbps,5061,5061,711,14.049,85.951,366.080,41.204,25.441,1966.649,120.000
AODV,high_mobility,42,3,20,20.000,64kbps,5061,5061,338,6.679,93.321,0.490,0.339,12.094,1965.883,120.000
AODV,high_mobility,42,4,20,20.000,64kbps,5061,5061,195,3.853,96.147,1133.441,56.909,6.977,1965.804,120.000
AODV,high_mobility,42,5,20,20.000,64kbps,5061,5061,175,3.458,96.542,864.975,55.391,6.262,1966.063,120.000
AODV,high_mobility,42,6,20,20.000,64kbps,5061,5061,729,14.404,85.596,377.040,30.851,26.085,1966.211,120.000
AODV,high_mobility,42,7,20,20.000,64kbps,5061,5061,409,8.081,91.919,736.348,54.382,14.635,1965.837,120.000
AODV,high_mobility,42,8,20,20.000,64kbps,5061,5061,407,8.042,91.958,18.002,11.804,14.563,1966.125,120.000
AODV,high_mobility,42,9,20,20.000,64kbps,5061,5061,332,6.560,93.440,1386.698,93.244,11.880,1965.865,120.000
AODV,high_mobility,42,10,20,20.000,64kbps,5061,5061,236,4.663,95.337,670.696,46.835,8.445,1965.821,120.000
OLSR,high_mobility,42,1,20,20.000,64kbps,5061,604,161,3.181,96.819,2.270,2.411,5.761,1966.441,120.000
OLSR,high_mobility,42,2,20,20.000,64kbps,5061,837,457,9.030,90.970,2.430,3.121,16.352,1966.748,120.000
OLSR,high_mobility,42,3,20,20.000,64kbps,5061,602,238,4.703,95.297,1.579,1.555,8.516,1966.199,120.000
OLSR,high_mobility,42,4,20,20.000,64kbps,5061,184,95,1.877,98.123,3.287,3.038,3.399,1966.008,120.000
OLSR,high_mobility,42,5,20,20.000,64kbps,5061,255,70,1.383,98.617,3.512,3.350,2.505,1966.380,120.000
OLSR,high_mobility,42,6,20,20.000,64kbps,5061,950,462,9.129,90.871,2.973,4.806,16.531,1968.923,120.000
OLSR,high_mobility,42,7,20,20.000,64kbps,5061,374,213,4.209,95.791,2.132,1.980,7.622,1966.402,120.000
OLSR,high_mobility,42,8,20,20.000,64kbps,5061,530,271,5.355,94.645,0.994,0.828,9.697,1967.559,120.000
OLSR,high_mobility,42,9,20,20.000,64kbps,5061,415,38,0.751,99.249,7.574,7.984,1.360,1967.036,120.000
OLSR,high_mobility,42,10,20,20.000,64kbps,5061,280,71,1.403,98.597,4.828,4.858,2.541,1965.856,120.000
DSR,high_mobility,42,1,20,20.000,64kbps,5061,5061,376,7.429,92.571,1121.164,412.871,13.454,1965.658,120.000
DSR,high_mobility,42,2,20,20.000,64kbps,5061,5061,143,2.826,97.174,1013.338,373.356,5.117,1965.640,120.000
DSR,high_mobility,42,3,20,20.000,64kbps,5061,5061,278,5.493,94.507,536.434,195.741,9.947,1965.622,120.000
DSR,high_mobility,42,4,20,20.000,64kbps,5061,5061,150,2.964,97.036,973.703,363.699,5.367,1965.612,120.000
DSR,high_mobility,42,5,20,20.000,64kbps,5061,5061,68,1.344,98.656,1.225,0.841,2.433,1965.625,120.000
DSR,high_mobility,42,6,20,20.000,64kbps,5061,5061,420,8.299,91.701,345.520,134.472,15.028,1965.743,120.000
DSR,high_mobility,42,7,20,20.000,64kbps,5061,5061,274,5.414,94.586,1100.495,410.023,9.804,1965.628,120.000
DSR,high_mobility,42,8,20,20.000,64kbps,5061,5061,392,7.746,92.254,756.293,266.189,14.026,1965.656,120.000
DSR,high_mobility,42,9,20,20.000,64kbps,5061,5061,230,4.545,95.455,1922.484,690.307,8.230,1965.730,120.000
DSR,high_mobility,42,10,20,20.000,64kbps,5061,5061,228,4.505,95.495,816.764,343.076,8.158,1965.701,120.000
AODV,high_congestion,42,1,20,5.000,256kbps,20249,20248,1949,9.625,90.375,0.441,0.139,69.739,1965.940,120.000
AODV,high_congestion,42,2,20,5.000,256kbps,20249,20248,4064,20.070,79.930,0.964,0.374,145.417,1966.216,120.000
AODV,high_congestion,42,3,20,5.000,256kbps,20249,20248,136,0.672,99.328,23.487,7.794,4.866,1965.897,120.000
AODV,high_congestion,42,4,20,5.000,256kbps,20249,20248,1998,9.867,90.133,1.728,0.523,71.492,1965.890,120.000
AODV,high_congestion,42,5,20,5.000,256kbps,20249,20248,1880,9.284,90.716,1.007,0.277,67.270,1966.098,120.000
AODV,high_congestion,42,6,20,5.000,256kbps,20249,20248,6065,29.952,70.048,56.763,2.635,217.017,1966.528,120.000
AODV,high_congestion,42,7,20,5.000,256kbps,20249,20248,4109,20.292,79.708,32.799,1.513,147.027,1965.944,120.000
AODV,high_congestion,42,8,20,5.000,256kbps,20249,20248,68,0.336,99.664,0.765,0.252,2.433,1965.850,120.000
AODV,high_congestion,42,9,20,5.000,256kbps,20249,20248,0,0.000,100.000,0.000,0.000,0.000,1965.794,120.000
AODV,high_congestion,42,10,20,5.000,256kbps,20249,20248,602,2.973,97.027,0.537,0.075,21.541,1965.940,120.000
OLSR,high_congestion,42,1,20,5.000,256kbps,20249,2760,1482,7.319,92.681,6.240,1.298,53.029,1966.850,120.000
OLSR,high_congestion,42,2,20,5.000,256kbps,20249,3907,2950,14.569,85.431,0.277,0.064,105.556,1967.025,120.000
OLSR,high_congestion,42,3,20,5.000,256kbps,20249,490,51,0.252,99.748,3.903,3.334,1.825,1966.498,120.000
OLSR,high_congestion,42,4,20,5.000,256kbps,20249,2056,1831,9.042,90.958,0.273,0.080,65.517,1966.086,120.000
OLSR,high_congestion,42,5,20,5.000,256kbps,20249,1752,1428,7.052,92.948,0.529,0.109,51.096,1965.964,120.000
OLSR,high_congestion,42,6,20,5.000,256kbps,20249,6370,3850,19.013,80.987,3.049,2.162,137.760,1969.483,120.000
OLSR,high_congestion,42,7,20,5.000,256kbps,20249,4259,3689,18.218,81.782,0.367,0.142,131.999,1965.954,120.000
OLSR,high_congestion,42,8,20,5.000,256kbps,20249,519,116,0.573,99.427,2.119,1.599,4.151,1966.257,120.000
OLSR,high_congestion,42,9,20,5.000,256kbps,20249,0,0,0.000,100.000,0.000,0.000,0.000,1965.711,120.000
OLSR,high_congestion,42,10,20,5.000,256kbps,20249,1017,646,3.190,96.810,1.025,0.528,23.115,1966.347,120.000
DSR,high_congestion,42,1,20,5.000,256kbps,20249,20248,1715,8.470,91.530,24.954,15.753,61.366,1965.741,120.000
DSR,high_congestion,42,2,20,5.000,256kbps,20249,20248,4093,20.213,79.787,14.580,10.677,146.455,1966.083,120.000
DSR,high_congestion,42,3,20,5.000,256kbps,20249,20248,0,0.000,100.000,0.000,0.000,0.000,1965.605,120.000
DSR,high_congestion,42,4,20,5.000,256kbps,20249,20248,1979,9.773,90.227,20.195,12.243,70.812,1965.679,120.000
DSR,high_congestion,42,5,20,5.000,256kbps,20249,20248,1701,8.400,91.600,25.297,12.813,60.865,1965.772,120.000
DSR,high_congestion,42,6,20,5.000,256kbps,20249,20248,4360,21.532,78.468,11.236,5.867,156.009,1966.204,120.000
DSR,high_congestion,42,7,20,5.000,256kbps,20249,20248,3058,15.102,84.898,13.213,7.657,109.421,1965.706,120.000
DSR,high_congestion,42,8,20,5.000,256kbps,20249,20248,0,0.000,100.000,0.000,0.000,0.000,1965.606,120.000
DSR,high_congestion,42,9,20,5.000,256kbps,20249,20248,0,0.000,100.000,0.000,0.000,0.000,1965.604,120.000
DSR,high_congestion,42,10,20,5.000,256kbps,20249,20248,430,2.124,97.876,100.685,70.524,15.386,1965.684,120.000
AODV,low_battery,42,1,20,5.000,64kbps,5061,5061,484,9.563,90.437,0.474,0.267,17.318,743.170,14.000
AODV,low_battery,42,2,20,5.000,64kbps,5061,5061,1016,20.075,79.925,8.506,4.366,36.354,741.596,13.427
AODV,low_battery,42,3,20,5.000,64kbps,5061,5061,32,0.632,99.368,375.488,139.996,1.145,746.624,13.933
AODV,low_battery,42,4,20,5.000,64kbps,5061,5061,495,9.781,90.219,7.231,2.502,17.712,749.216,13.296
AODV,low_battery,42,5,20,5.000,64kbps,5061,5061,457,9.030,90.970,6.173,5.243,16.352,745.776,13.267
AODV,low_battery,42,6,20,5.000,64kbps,5061,5061,1607,31.753,68.247,216.870,15.952,57.501,743.621,13.934
AODV,low_battery,42,7,20,5.000,64kbps,5061,5061,1065,21.043,78.957,223.108,14.388,38.108,745.262,13.268
AODV,low_battery,42,8,20,5.000,64kbps,5061,5061,12,0.237,99.763,1.866,1.821,0.429,739.357,13.425
AODV,low_battery,42,9,20,5.000,64kbps,5061,5061,0,0.000,100.000,0.000,0.000,0.000,746.511,13.420
AODV,low_battery,42,10,20,5.000,64kbps,5061,5061,134,2.648,97.352,15.149,7.773,4.795,741.288,14.000
OLSR,low_battery,42,1,20,5.000,64kbps,5061,748,369,7.291,92.709,2.271,2.668,13.203,744.240,13.327
OLSR,low_battery,42,2,20,5.000,64kbps,5061,881,742,14.661,85.339,0.694,0.750,26.550,742.611,13.604
OLSR,low_battery,42,3,20,5.000,64kbps,5061,130,13,0.257,99.743,12.603,15.702,0.465,746.786,13.838
OLSR,low_battery,42,4,20,5.000,64kbps,5061,514,457,9.030,90.970,0.506,0.313,16.352,749.526,13.343
OLSR,low_battery,42,5,20,5.000,64kbps,5061,438,357,7.054,92.946,0.853,0.445,12.774,745.817,13.585
OLSR,low_battery,42,6,20,5.000,64kbps,5061,1687,993,19.621,80.379,12.290,9.584,35.531,745.444,13.849
OLSR,low_battery,42,7,20,5.000,64kbps,5061,1064,922,18.218,81.782,0.642,0.478,32.991,745.535,13.823
OLSR,low_battery,42,8,20,5.000,64kbps,5061,130,29,0.573,99.427,5.594,5.674,1.038,739.882,13.576
OLSR,low_battery,42,9,20,5.000,64kbps,5061,0,0,0.000,100.000,0.000,0.000,0.000,746.886,13.313
OLSR,low_battery,42,10,20,5.000,64kbps,5061,254,162,3.201,96.799,2.341,1.967,5.797,741.509,14.000
DSR,low_battery,42,1,20,5.000,64kbps,5061,5061,367,7.252,92.748,407.490,163.693,13.132,756.745,13.240
DSR,low_battery,42,2,20,5.000,64kbps,5061,5061,614,12.132,87.868,226.973,88.638,21.970,757.066,14.000
DSR,low_battery,42,3,20,5.000,64kbps,5061,5061,0,0.000,100.000,0.000,0.000,0.000,757.411,14.000
DSR,low_battery,42,4,20,5.000,64kbps,5061,5061,542,10.709,89.291,283.071,111.539,19.394,757.214,14.000
DSR,low_battery,42,5,20,5.000,64kbps,5061,5061,0,0.000,100.000,0.000,0.000,0.000,757.410,14.000
DSR,low_battery,42,6,20,5.000,64kbps,5061,5061,1088,21.498,78.502,139.473,48.119,38.931,756.992,13.240
DSR,low_battery,42,7,20,5.000,64kbps,5061,5061,810,16.005,83.995,186.092,67.367,28.983,756.201,14.000
DSR,low_battery,42,8,20,5.000,64kbps,5061,5061,0,0.000,100.000,0.000,0.000,0.000,756.243,14.000
DSR,low_battery,42,9,20,5.000,64kbps,5061,5061,0,0.000,100.000,0.000,0.000,0.000,757.036,14.000
DSR,low_battery,42,10,20,5.000,64kbps,5061,5061,0,0.000,100.000,0.000,0.000,0.000,757.682,14.000
AODV,relay_failure,42,1,20,5.000,64kbps,5061,5061,484,9.563,90.437,0.474,0.267,17.318,1965.827,120.000
AODV,relay_failure,42,2,20,5.000,64kbps,5061,5061,1016,20.075,79.925,8.506,4.366,36.354,1965.971,120.000
AODV,relay_failure,42,3,20,5.000,64kbps,5061,5061,32,0.632,99.368,375.488,139.996,1.145,1965.822,120.000
AODV,relay_failure,42,4,20,5.000,64kbps,5061,5061,495,9.781,90.219,7.231,2.502,17.712,1965.833,120.000
AODV,relay_failure,42,5,20,5.000,64kbps,5061,5061,408,8.062,91.938,6.746,5.675,14.599,1965.890,120.000
AODV,relay_failure,42,6,20,5.000,64kbps,5061,5061,1607,31.753,68.247,216.870,15.952,57.501,1966.070,120.000
AODV,relay_failure,42,7,20,5.000,64kbps,5061,5061,1065,21.043,78.957,223.108,14.388,38.108,1965.823,120.000
AODV,relay_failure,42,8,20,5.000,64kbps,5061,5061,12,0.237,99.763,1.866,1.821,0.429,1965.832,120.000
AODV,relay_failure,42,9,20,5.000,64kbps,5061,5061,0,0.000,100.000,0.000,0.000,0.000,1965.784,120.000
AODV,relay_failure,42,10,20,5.000,64kbps,5061,5061,134,2.648,97.352,15.149,7.773,4.795,1965.849,120.000
OLSR,relay_failure,42,1,20,5.000,64kbps,5061,748,369,7.291,92.709,2.271,2.668,13.203,1966.928,120.000
OLSR,relay_failure,42,2,20,5.000,64kbps,5061,881,742,14.661,85.339,0.694,0.750,26.550,1966.730,120.000
OLSR,relay_failure,42,3,20,5.000,64kbps,5061,130,13,0.257,99.743,12.603,15.702,0.465,1966.413,120.000
OLSR,relay_failure,42,4,20,5.000,64kbps,5061,514,457,9.030,90.970,0.506,0.313,16.352,1966.008,120.000
OLSR,relay_failure,42,5,20,5.000,64kbps,5061,438,310,6.125,93.875,0.892,0.504,11.092,1965.816,120.000
OLSR,relay_failure,42,6,20,5.000,64kbps,5061,1687,993,19.621,80.379,12.290,9.584,35.531,1969.763,120.000
OLSR,relay_failure,42,7,20,5.000,64kbps,5061,1064,922,18.218,81.782,0.642,0.478,32.991,1965.837,120.000
OLSR,relay_failure,42,8,20,5.000,64kbps,5061,130,29,0.573,99.427,5.594,5.674,1.038,1966.184,120.000
OLSR,relay_failure,42,9,20,5.000,64kbps,5061,0,0,0.000,100.000,0.000,0.000,0.000,1965.705,120.000
OLSR,relay_failure,42,10,20,5.000,64kbps,5061,254,162,3.201,96.799,2.341,1.967,5.797,1966.215,120.000
DSR,relay_failure,42,1,20,5.000,64kbps,5061,5061,474,9.366,90.634,315.617,126.539,16.961,1965.658,120.000
DSR,relay_failure,42,2,20,5.000,64kbps,5061,5061,1065,21.043,78.957,134.548,55.982,38.108,1965.829,120.000
DSR,relay_failure,42,3,20,5.000,64kbps,5061,5061,0,0.000,100.000,0.000,0.000,0.000,1965.605,120.000
DSR,relay_failure,42,4,20,5.000,64kbps,5061,5061,542,10.709,89.291,283.071,111.539,19.394,1965.629,120.000
DSR,relay_failure,42,5,20,5.000,64kbps,5061,5061,425,8.398,91.602,340.970,106.737,15.207,1965.661,120.000
DSR,relay_failure,42,6,20,5.000,64kbps,5061,5061,1136,22.446,77.554,134.302,47.225,40.648,1965.839,120.000
DSR,relay_failure,42,7,20,5.000,64kbps,5061,5061,810,16.005,83.995,186.092,67.367,28.983,1965.632,120.000
DSR,relay_failure,42,8,20,5.000,64kbps,5061,5061,0,0.000,100.000,0.000,0.000,0.000,1965.606,120.000
DSR,relay_failure,42,9,20,5.000,64kbps,5061,5061,0,0.000,100.000,0.000,0.000,0.000,1965.604,120.000
DSR,relay_failure,42,10,20,5.000,64kbps,5061,5061,150,2.964,97.036,981.652,379.857,5.367,1965.642,120.000
